mfcc,spectral_centroid,spectral_bandwidth,spectral_rolloff,zero_crossing_rate,label
-437.5536804199219,148.73475646972656,25.258153915405273,47.023136138916016,26.22437858581543,-7.27086067199707,-24.516653060913086,1.936470627784729,3.5040407180786133,-10.399554252624512,-4.128336429595947,1.288786768913269,-0.7902753353118896,1.4635183811187744,9.441115379333496,-0.6854979991912842,-1.9074126482009888,4.940256595611572,-2.136953592300415,-2.298956871032715,88.39727783203125,71.33033752441406,38.73012161254883,43.562557220458984,32.26958465576172,26.929685592651367,26.663219451904297,14.950597763061523,11.224960327148438,16.943973541259766,16.300817489624023,9.211734771728516,10.490389823913574,8.45251178741455,11.639766693115234,10.63480281829834,8.451631546020508,8.747562408447266,8.083614349365234,7.636519432067871,627.0293781267219,678.216885575064,919.9527850852999,533.806646079877,1168.2753486867332,1475.0161541154498,0.012069234087423313,0.011760428076433786,0.0
-454.4248962402344,127.19621276855469,27.712995529174805,26.81395149230957,25.628374099731445,-2.203747272491455,-11.592010498046875,7.431889533996582,3.1644351482391357,-6.500576019287109,0.1766452193260193,2.100421190261841,0.2936568260192871,3.2583165168762207,5.171039581298828,-0.8163424730300903,0.6298931837081909,2.150350570678711,-1.8133678436279297,0.29141658544540405,113.0257339477539,72.62278747558594,34.19843292236328,31.018808364868164,25.21592140197754,21.486967086791992,26.706953048706055,9.290608406066895,10.307402610778809,14.07490348815918,12.449384689331055,8.674983978271484,8.923918724060059,6.083969593048096,5.673478603363037,8.841146469116211,6.346836090087891,4.924431324005127,7.836061477661133,5.922394752502441,388.1356191970183,339.59751324051103,807.0740544067428,369.9542726309431,628.3340282654494,950.0723460466152,0.010352659761235955,0.012660485721861105,0.0
-441.63140869140625,156.35043334960938,15.555732727050781,26.9345760345459,27.429393768310547,-2.914736032485962,-19.8854923248291,5.168373107910156,5.879694938659668,-9.405205726623535,2.1374995708465576,3.9997446537017822,-5.208797454833984,2.451303720474243,9.56839370727539,-3.4052793979644775,-2.66257643699646,4.027888774871826,-3.5581912994384766,-1.3107502460479736,102.05013275146484,70.81485748291016,36.3582878112793,41.861854553222656,32.011390686035156,24.479616165161133,25.14671516418457,14.716723442077637,14.271456718444824,16.283588409423828,11.77022933959961,10.429269790649414,10.196615219116211,7.616424560546875,9.310237884521484,9.107904434204102,8.079292297363281,6.454006195068359,7.588766574859619,6.839682102203369,530.183967519602,463.9596071813861,892.2883573198411,403.5127909067972,943.3656657400306,1132.0595479872345,0.011428177722392638,0.011974288373560408,0.0
-429.3091735839844,128.14471435546875,22.1612548828125,39.82394790649414,20.647981643676758,3.1583092212677,-19.934978485107422,-2.5926036834716797,3.0633819103240967,-5.0176897048950195,-1.8190685510635376,-0.002604580018669367,-1.120561122894287,2.9330837726593018,11.379982948303223,1.552029013633728,-2.1460628509521484,4.793567180633545,-1.5966299772262573,-2.3225455284118652,98.13713073730469,71.2737045288086,33.07453155517578,40.770912170410156,26.361942291259766,22.719871520996094,24.262678146362305,13.014433860778809,12.634008407592773,16.21501350402832,13.111913681030273,9.839641571044922,11.099542617797852,9.888858795166016,13.873154640197754,9.642504692077637,8.746147155761719,8.941631317138672,8.312870979309082,7.63445520401001,678.7062998344078,745.1452781088567,1029.1279793277079,600.0003420259915,1316.109375,1695.5306355442415,0.00904296875,0.011076664192076216,0.0
-417.2689208984375,137.70327758789062,31.67450523376465,39.44571304321289,25.305356979370117,-8.360940933227539,-20.914291381835938,5.346216201782227,-0.3826760947704315,-14.535842895507812,-2.090463638305664,1.7187130451202393,-2.284757137298584,3.8575167655944824,8.965901374816895,-2.08988094329834,-0.932593047618866,4.3973708152771,-6.087896347045898,-3.292564868927002,85.08755493164062,66.61198425292969,28.960023880004883,43.605098724365234,33.18316650390625,29.641935348510742,26.174827575683594,14.366114616394043,10.262726783752441,15.846114158630371,10.027692794799805,9.035557746887207,10.190640449523926,8.295639991760254,10.0250244140625,10.57491683959961,8.124296188354492,8.957581520080566,9.425264358520508,7.363405227661133,592.9670837740629,649.9406508010868,931.8505859759348,514.4734701860377,1042.1068768168604,1372.5639950427792,0.012506056201550387,0.011758789750857779,0.0
-417.8549499511719,130.0766143798828,24.550086975097656,27.034879684448242,17.15317153930664,3.7424793243408203,-14.69965934753418,0.9122986793518066,1.421769142150879,-5.343421459197998,1.4727004766464233,1.203919768333435,-0.9696678519248962,1.4221323728561401,10.14558219909668,2.0756382942199707,-3.6874475479125977,3.217150926589966,-1.718490719795227,-2.645341157913208,98.36466217041016,79.69451904296875,32.85029602050781,35.346046447753906,26.862049102783203,21.586612701416016,24.353790283203125,11.72102165222168,12.379940032958984,14.47382926940918,10.974552154541016,12.653685569763184,9.427390098571777,7.324287414550781,10.99079418182373,10.23586654663086,8.7266206741333,8.143609046936035,8.366299629211426,7.229634761810303,653.0408278116197,737.0345679068558,965.5231306514006,603.0810702033344,1199.007901278409,1585.8400390239456,0.012041580578512397,0.013439091553026973,0.0
-434.7359619140625,124.4795150756836,23.90345001220703,50.6556396484375,16.20290184020996,7.46529483795166,-17.80483627319336,3.0235166549682617,4.98357629776001,-6.56748104095459,-3.1112477779388428,-0.5232692956924438,-2.7794411182403564,0.5948705673217773,10.009927749633789,-3.1818501949310303,-3.5657718181610107,8.11014461517334,-0.6952515840530396,-2.880464792251587,97.40787506103516,82.02552032470703,30.16217041015625,47.519405364990234,28.20390510559082,27.324405670166016,25.296646118164062,16.21916961669922,12.062559127807617,15.433094024658203,12.025289535522461,8.653349876403809,10.02619457244873,8.542881965637207,11.556585311889648,8.789122581481934,8.46754264831543,8.994949340820312,9.076289176940918,8.469407081604004,799.5643287720577,845.8239261193388,1140.5256793120507,701.1183406426512,1606.9028792842741,1912.5999318507834,0.008903819844470046,0.01032076474353367,0.0
-411.5130310058594,134.4639892578125,24.413143157958984,33.79954528808594,26.017717361450195,-2.635201930999756,-20.422334671020508,1.9939924478530884,0.9243466258049011,-9.938033103942871,0.11050797998905182,2.164332628250122,-2.188401460647583,1.4366956949234009,9.24780559539795,-1.202974557876587,-2.575422525405884,3.3211281299591064,-5.932520389556885,-2.596944570541382,95.76018524169922,68.98316955566406,30.363943099975586,34.18842697143555,28.737808227539062,25.2187557220459,25.794340133666992,14.348248481750488,13.212211608886719,14.945136070251465,10.392192840576172,9.079728126525879,9.08419418334961,8.378315925598145,9.427490234375,9.511738777160645,7.963176250457764,8.306567192077637,8.064969062805176,7.150008201599121,569.6258627184214,564.9168179247715,930.171273617473,484.7917772725614,1028.6208353769618,1308.9150834229752,0.011823850896860987,0.012450996626669472,0.0
-427.4582824707031,142.86058044433594,27.331941604614258,47.4968147277832,26.732872009277344,-5.415350437164307,-23.686689376831055,2.3317668437957764,3.864072561264038,-10.367673873901367,-2.68257999420166,0.6813005208969116,-4.081025123596191,-1.882405400276184,8.631647109985352,1.2596391439437866,-2.3943443298339844,3.7948172092437744,-2.664745807647705,-3.017596483230591,84.92803192138672,71.22993469238281,38.01009750366211,42.383792877197266,34.42925262451172,26.633743286132812,26.823575973510742,16.6201229095459,11.680474281311035,19.012069702148438,15.044605255126953,8.606225967407227,10.250508308410645,9.487421035766602,11.227140426635742,10.782844543457031,6.64284610748291,6.791851043701172,7.709202766418457,6.9853668212890625,655.4638958477567,694.6722861890363,950.4122506083667,574.836011519665,1253.2976740056818,1549.3484596515987,0.012511837121212122,0.01232657510553166,0.0
-412.1952209472656,164.24514770507812,12.686331748962402,26.180801391601562,30.60725212097168,-5.716392993927002,-23.281476974487305,5.4922614097595215,2.617274045944214,-14.370023727416992,0.7554358243942261,3.221874475479126,-5.495356559753418,1.1426146030426025,7.428788185119629,-4.011587619781494,-1.4968916177749634,5.792980194091797,-4.618309020996094,-2.0982277393341064,100.15087890625,67.28447723388672,39.25822830200195,39.44831085205078,35.318138122558594,25.96697425842285,25.26158905029297,14.410722732543945,14.089020729064941,16.502180099487305,13.429208755493164,8.67158031463623,10.054859161376953,7.031469345092773,8.761841773986816,9.365426063537598,7.893765926361084,7.721467971801758,8.42862606048584,7.188569068908691,559.1778370991977,397.0977182269959,881.5288426252057,391.2613188429618,1090.750675073406,1079.8369636327466,0.014494415897651007,0.013643298148993862,0.0
-463.0533447265625,140.8033447265625,22.851932525634766,29.834768295288086,30.968246459960938,-3.2780630588531494,-13.733091354370117,10.473746299743652,5.502640724182129,-7.058547496795654,0.9546657800674438,3.3915114402770996,-0.6819015741348267,1.0985853672027588,4.41287899017334,-0.40668925642967224,-0.5812382698059082,2.122159481048584,-2.495145797729492,-1.2608792781829834,116.38924407958984,71.53170013427734,37.36627960205078,32.78593444824219,28.926572799682617,23.13705825805664,27.57891082763672,10.177160263061523,10.521076202392578,17.42378807067871,14.250117301940918,8.243448257446289,9.384993553161621,7.293381214141846,5.555665016174316,8.608711242675781,7.29710054397583,4.882936954498291,7.490067958831787,6.72645378112793,419.3208101738561,351.8766100884483,834.1359445832524,400.50853748226103,719.9180044778964,1010.9910909882643,0.011141149009146341,0.012734444786285942,0.0
-392.3541259765625,121.77568054199219,27.40895652770996,31.790164947509766,26.368732452392578,1.0818825960159302,-20.939987182617188,-2.991575002670288,2.672081232070923,-11.718438148498535,-3.51484751701355,1.1973559856414795,-3.495070457458496,0.9954139590263367,8.775872230529785,-0.7754691243171692,-2.5542075634002686,5.3635735511779785,-1.3600953817367554,-2.4513909816741943,85.06104278564453,70.06864929199219,30.674163818359375,33.88469314575195,27.561786651611328,22.879962921142578,23.587154388427734,12.806052207946777,10.204075813293457,13.726926803588867,11.18569564819336,8.817362785339355,9.875594139099121,8.4461088180542,10.719276428222656,8.363636016845703,8.164563179016113,9.231599807739258,7.048504829406738,6.1491193771362305,607.4965826568983,543.3621156562439,957.7965273941753,543.3404113928012,1234.698486328125,1453.2515162874581,0.012824358258928572,0.013462200935024001,0.0
-411.126708984375,135.7067108154297,20.039560317993164,35.23965835571289,25.92259407043457,-0.8370468020439148,-19.35092544555664,3.389125347137451,2.2796571254730225,-11.120132446289062,-1.0670608282089233,0.9364668130874634,-2.094884157180786,4.1031622886657715,9.400989532470703,-3.137124538421631,-3.3506217002868652,6.7599263191223145,-3.0341286659240723,-5.297684669494629,90.60730743408203,76.72285461425781,35.089412689208984,42.66838073730469,29.376150131225586,25.245325088500977,22.432231903076172,13.436695098876953,13.248909950256348,16.34808349609375,14.442486763000488,9.681557655334473,10.630664825439453,7.511654853820801,7.589023590087891,7.43958044052124,7.93400764465332,8.810750007629395,7.780144691467285,7.578861236572266,651.9187273198232,580.5631195174784,991.806932739712,583.9707945434958,1301.773114271567,1507.1568098826501,0.013750962808098592,0.013671953267716579,0.0
-440.4173583984375,114.14450073242188,34.45416259765625,50.40520095825195,30.449487686157227,-2.072920083999634,-19.05304718017578,2.4766643047332764,4.6269989013671875,-10.105435371398926,-2.6860673427581787,0.9116787314414978,-2.6835005283355713,4.9115705490112305,11.746440887451172,-1.393518328666687,-1.2926706075668335,5.169693946838379,-3.5062553882598877,-2.6946306228637695,80.98046112060547,58.06044006347656,27.66365623474121,32.21781921386719,30.585773468017578,24.42656135559082,27.81346321105957,13.433026313781738,11.07295036315918,16.400981903076172,11.083138465881348,10.427265167236328,10.099395751953125,8.125943183898926,9.607638359069824,9.360800743103027,9.462576866149902,8.110657691955566,8.735245704650879,7.363722801208496,522.9196572107653,485.1114739316696,974.3487721344179,504.75998434972223,986.1839988014915,1373.9369141037246,0.008988813920454546,0.01049253196815415,0.0
-430.23388671875,127.2186279296875,33.580322265625,36.35556411743164,20.991451263427734,4.655455589294434,-16.830965042114258,-0.7845488786697388,0.1806579977273941,-8.17027473449707,1.067405104637146,3.02935791015625,-3.049790143966675,1.958296537399292,11.637763977050781,0.6536142230033875,-4.031436443328857,3.7075774669647217,-0.6076149344444275,-3.4413859844207764,89.22686767578125,72.69758605957031,35.525177001953125,35.33502960205078,27.469738006591797,24.949153900146484,25.16716766357422,13.632011413574219,12.443441390991211,15.59094524383545,10.666899681091309,8.540687561035156,10.954109191894531,6.6383585929870605,10.619256019592285,9.070281028747559,8.858061790466309,8.58872127532959,7.229596138000488,7.353336811065674,635.4727146599514,654.8811626605515,1007.7462545804327,646.0826158894799,1297.7895883413462,1670.5844130957307,0.01043231670673077,0.012339164496091385,0.0
-449.6991882324219,145.44627380371094,43.79457473754883,27.957183837890625,16.248891830444336,-3.318883180618286,-9.205431938171387,4.686457633972168,-1.0924797058105469,-8.851451873779297,1.489248514175415,4.70493221282959,-4.937800407409668,-1.0111243724822998,9.034638404846191,0.30099520087242126,-2.2387571334838867,4.260056972503662,-2.332188844680786,-4.190466403961182,88.28276824951172,69.25354766845703,31.453645706176758,28.312849044799805,25.57215690612793,28.26637077331543,19.031064987182617,12.570985794067383,11.64583969116211,17.76111602783203,11.779683113098145,10.045500755310059,11.074749946594238,8.383794784545898,10.638293266296387,10.311555862426758,9.302252769470215,7.6292195320129395,8.527409553527832,8.674897193908691,427.03619095297967,533.3309313436492,755.3304686636803,408.9731754035047,643.7122691761364,1061.984465909103,0.011888908617424242,0.012663971578548202,0.0
-419.87200927734375,121.8101806640625,27.949193954467773,35.34040451049805,15.714225769042969,2.236184597015381,-14.93366527557373,1.2456568479537964,-1.0025848150253296,-11.761966705322266,5.046560287475586,3.944139242172241,-4.7748212814331055,1.6130943298339844,11.203134536743164,-0.5910772681236267,-2.780369520187378,6.8516130447387695,-2.628373384475708,-3.1485326290130615,87.77039337158203,77.40943908691406,30.134477615356445,33.987205505371094,27.76730728149414,27.040048599243164,20.99236488342285,12.136155128479004,15.91901683807373,17.662626266479492,10.69296932220459,7.749025344848633,10.943303108215332,8.250317573547363,11.193300247192383,9.583720207214355,5.995600700378418,8.924752235412598,8.248316764831543,7.216158866882324,718.4737025140277,731.2695834621029,1076.1244780506963,665.2023430379045,1457.7827933784965,1814.1724816288047,0.010970962631118882,0.013302604451330908,0.0
-414.3765869140625,136.2210235595703,27.06144142150879,31.82173728942871,21.97551727294922,-2.712042808532715,-16.696151733398438,0.5978238582611084,-0.6078264713287354,-10.088752746582031,-2.220144033432007,-0.24197472631931305,-2.293048143386841,4.574354648590088,11.280235290527344,-1.3493643999099731,-2.642935037612915,4.48293924331665,-3.804513454437256,-2.2588794231414795,89.28063201904297,65.52335357666016,29.688688278198242,38.98073959350586,25.66556167602539,23.639734268188477,22.077905654907227,15.976665496826172,12.002381324768066,15.780217170715332,11.624768257141113,9.886770248413086,10.944012641906738,7.048468112945557,11.365026473999023,11.502511024475098,10.030426979064941,6.537799835205078,7.875330924987793,6.4433369636535645,535.1520021377331,455.91108872111164,912.635397569623,457.2455911715103,1006.5160694236527,1233.846911248334,0.011970200224550899,0.012403724587417207,0.0
-437.4015808105469,147.60447692871094,23.51668357849121,33.337364196777344,23.624113082885742,-1.2116183042526245,-16.23346519470215,2.5461721420288086,2.8104324340820312,-9.142210960388184,-2.68233060836792,0.5319405198097229,-1.9404292106628418,1.4780604839324951,7.498922348022461,-0.6211442351341248,-0.002445878693833947,4.528595447540283,-2.448127508163452,-2.0965800285339355,95.22699737548828,70.0715560913086,40.38356018066406,42.52485656738281,28.03989601135254,24.311674118041992,25.956974029541016,15.755478858947754,13.830193519592285,14.098984718322754,13.90079402923584,12.1140775680542,11.19852352142334,8.577872276306152,8.808690071105957,10.418904304504395,7.830676555633545,7.599000930786133,6.949105739593506,6.741333484649658,567.142667304289,570.264516177281,892.049985258477,483.2982760823843,1052.3424872036637,1329.9477900001575,0.011135057471264368,0.012397123331856441,0.0
-435.1345520019531,143.35496520996094,29.073017120361328,28.516130447387695,19.714988708496094,4.7393317222595215,-14.675389289855957,0.3027409315109253,-2.0946030616760254,-9.419818878173828,1.5127514600753784,-0.8411338329315186,-4.07656192779541,3.4070231914520264,11.151795387268066,-0.9665347337722778,-0.3575306534767151,6.373425006866455,-4.72745418548584,-1.9138319492340088,100.78343200683594,71.67601776123047,30.446367263793945,36.36053466796875,21.471723556518555,19.04912757873535,23.43570899963379,15.902603149414062,14.05143928527832,15.287764549255371,12.898752212524414,10.866430282592773,11.609939575195312,7.068061828613281,10.765023231506348,7.651787757873535,7.527796268463135,6.596874237060547,9.546013832092285,7.622730255126953,491.22567321830223,543.9228263819386,860.3378052073839,441.8832295419322,777.1891276041666,1213.233302743025,0.010380497685185185,0.011534951103261719,0.0
-413.03558349609375,139.72158813476562,19.467145919799805,30.84963035583496,25.214214324951172,-4.239029884338379,-21.77535057067871,-0.4304879605770111,4.324867248535156,-6.356440544128418,1.5582517385482788,3.0687084197998047,-3.8994596004486084,0.7975832223892212,8.455849647521973,-1.6993883848190308,-2.9829659461975098,3.3026154041290283,-3.3328752517700195,-1.7586112022399902,96.47111511230469,67.17068481445312,37.70998001098633,33.144142150878906,26.760913848876953,22.787525177001953,23.914936065673828,16.886455535888672,12.009047508239746,15.023641586303711,11.224055290222168,8.56741714477539,10.296360969543457,7.441005706787109,12.193647384643555,11.901227951049805,9.922185897827148,7.69672966003418,7.442391872406006,7.715867042541504,565.8893995175732,532.6460319172121,904.6998111609674,445.0981043061308,1048.8960688164893,1247.7880345300593,0.011394614361702127,0.01220883640879807,0.0
-416.2071533203125,129.5231170654297,23.48417854309082,32.73445129394531,22.313764572143555,2.333768606185913,-17.223352432250977,1.223997950553894,2.1391165256500244,-7.997287273406982,-0.2715199291706085,2.144458532333374,-2.3823070526123047,0.7863633036613464,8.75316047668457,0.3710261285305023,-2.2726259231567383,3.0055625438690186,-2.465440273284912,-1.7903869152069092,105.45977783203125,76.51721954345703,36.57231903076172,41.565589904785156,25.477157592773438,24.089807510375977,24.99563217163086,15.947237968444824,11.967818260192871,16.972387313842773,12.865321159362793,11.171650886535645,10.410348892211914,8.825087547302246,9.955772399902344,8.931601524353027,8.217790603637695,7.741302967071533,8.329370498657227,7.3111348152160645,607.5994916560727,687.3263339677757,929.5982314354669,514.8935863622312,1096.5579262262659,1460.240970779704,0.012404816060126582,0.013539269197299591,0.0
-406.9806823730469,129.21917724609375,28.45214080810547,36.5944938659668,17.48174476623535,5.069040298461914,-11.623451232910156,1.202036738395691,-1.9703949689865112,-11.478615760803223,0.11185433715581894,2.363680839538574,-1.8531839847564697,0.6952687501907349,7.092402935028076,-2.5384793281555176,-3.9131181240081787,4.208576679229736,-3.0102131366729736,-3.042731523513794,97.65312957763672,71.26185607910156,32.71765899658203,45.217803955078125,22.48894500732422,19.928171157836914,18.526906967163086,14.924375534057617,11.642916679382324,14.798768997192383,12.649336814880371,7.805934906005859,10.47964096069336,7.237223148345947,9.759422302246094,9.608967781066895,6.682866096496582,7.31260871887207,7.269711971282959,7.161002159118652,626.2004617080667,657.6859832933617,969.6471537228147,570.0768155991246,1204.6462367957747,1605.524836281618,0.012485557878521127,0.012668754316905314,0.0
-441.3915100097656,125.76122283935547,24.789060592651367,40.43712615966797,15.812182426452637,7.901157379150391,-18.37096405029297,2.842559814453125,8.117042541503906,-8.04597282409668,-0.9994389414787292,2.468822717666626,-0.23325307667255402,3.238532781600952,9.0632963180542,-1.5938109159469604,-2.1158881187438965,4.081007480621338,-2.749202013015747,-1.325855016708374,98.929443359375,80.12435913085938,30.51886558532715,43.17237091064453,31.977821350097656,22.388347625732422,24.165019989013672,13.32424259185791,12.997618675231934,17.83335304260254,12.922171592712402,8.654183387756348,10.299210548400879,9.452005386352539,10.93546199798584,9.58242416381836,8.158241271972656,10.575271606445312,9.388015747070312,6.73521089553833,710.5540387636871,772.4443908705279,1055.6292719894927,655.862900977266,1378.7427558273566,1793.0573350876107,0.01014584400614754,0.012188688879257803,0.0
-430.1878662109375,131.44300842285156,14.769495964050293,33.075279235839844,23.291358947753906,-1.297116756439209,-19.143756866455078,0.39387691020965576,5.861913681030273,-6.4679365158081055,0.09337161481380463,4.974182605743408,-1.4451743364334106,1.6953989267349243,10.237309455871582,-0.28125977516174316,-2.4646530151367188,1.710693359375,-3.5942842960357666,-0.04155801981687546,99.95682525634766,75.99663543701172,34.56451416015625,40.32392120361328,25.49542999267578,23.016170501708984,23.78260612487793,12.779290199279785,15.911853790283203,17.166528701782227,14.338242530822754,10.891266822814941,12.416122436523438,7.581591606140137,11.21486759185791,10.137272834777832,7.97224235534668,7.176624774932861,9.098336219787598,6.672696590423584,618.8323835505483,617.0481515358432,968.2222922927876,505.1198206752143,1201.5648316801264,1401.5331183513665,0.009082579880617978,0.010997306211347892,0.0
-410.5711669921875,140.9486541748047,19.066946029663086,31.453147888183594,26.212228775024414,-5.105570316314697,-17.43173599243164,4.92262601852417,0.20971034467220306,-10.912572860717773,2.695542097091675,2.336071729660034,-3.090998888015747,2.2418410778045654,6.960315227508545,-0.9275471568107605,-0.13750723004341125,3.5724496841430664,-3.726538896560669,-1.125072717666626,99.90038299560547,75.34693908691406,36.728607177734375,46.46537399291992,27.19590187072754,26.67871856689453,27.047306060791016,15.581782341003418,12.65822982788086,16.00656509399414,12.582290649414062,8.782200813293457,9.03896713256836,8.116591453552246,10.995996475219727,10.090124130249023,7.406728744506836,7.997751235961914,8.323212623596191,7.077052593231201,592.7800111840894,531.64246285849,901.6479329098739,470.73099459793156,1147.658203125,1354.999112500537,0.014793526785714285,0.01465125291821492,0.0
-433.0081481933594,131.7379913330078,22.662334442138672,36.53879928588867,28.055566787719727,-2.914851427078247,-18.980562210083008,4.839066028594971,1.7201000452041626,-11.790299415588379,-2.4095654487609863,2.8230440616607666,-0.020540855824947357,1.6745866537094116,7.203187942504883,-0.7803922295570374,-1.078239917755127,2.1935007572174072,-4.5246686935424805,-2.3109803199768066,97.13953399658203,71.37897491455078,38.90824890136719,40.831478118896484,27.757219314575195,23.171463012695312,26.784421920776367,12.94041919708252,12.186232566833496,15.708361625671387,12.707724571228027,9.784719467163086,8.952473640441895,7.627377986907959,9.856553077697754,8.85860824584961,7.392233371734619,8.647513389587402,7.787577152252197,7.83207368850708,595.5826136223349,646.1776667345093,930.7663535691928,494.50554527316825,1133.2739419495033,1471.3777605257142,0.011220767798013245,0.013047917060240223,0.0
-406.02301025390625,137.36471557617188,19.25945472717285,32.28489303588867,24.916433334350586,-3.919955015182495,-18.407997131347656,3.0136451721191406,-0.623297929763794,-10.933704376220703,1.1717488765716553,0.845561146736145,-3.6739447116851807,2.758730173110962,8.201976776123047,-2.1659414768218994,-3.578918933868408,2.0379981994628906,-2.26029896736145,-0.2083851844072342,92.80682373046875,72.91989135742188,34.264949798583984,44.78194808959961,31.273372650146484,21.209318161010742,21.89703941345215,13.96893310546875,11.420827865600586,16.4066219329834,12.52329158782959,9.942924499511719,11.853585243225098,7.87695837020874,10.83056926727295,9.732682228088379,7.0429277420043945,7.887487888336182,9.579792976379395,8.428138732910156,625.9541909897589,632.910571559752,922.3211035796124,497.5817455558433,1094.2543588033536,1406.4883413712148,0.011998618521341464,0.012068581887327146,0.0
-421.29937744140625,124.10906982421875,32.00239944458008,40.624778747558594,24.401281356811523,-2.0155255794525146,-20.082983016967773,0.30151867866516113,3.226241111755371,-9.837504386901855,-2.080883026123047,1.43729567527771,-2.4973065853118896,1.2588930130004883,8.401042938232422,-1.2207804918289185,-2.5884392261505127,3.523386240005493,-2.4716811180114746,-1.1411126852035522,86.30351257324219,69.93164825439453,28.46946907043457,29.31088638305664,34.30061721801758,26.923583984375,25.68996810913086,13.61440372467041,11.71458625793457,13.711288452148438,10.635626792907715,9.605050086975098,9.789962768554688,7.993675708770752,10.373512268066406,9.760895729064941,8.111061096191406,8.86401081085205,7.893599033355713,7.778297424316406,604.2529302857025,629.5829490495624,964.4110925957364,608.4400132133088,1186.2296594440609,1594.7475407830727,0.011559586498618785,0.012716656496944633,0.0
-427.4153137207031,132.30389404296875,21.470922470092773,45.60979461669922,24.123672485351562,-1.8185759782791138,-18.54098129272461,3.985313892364502,0.7777884006500244,-10.23271656036377,2.395463705062866,1.4650934934616089,-3.215611457824707,3.2569916248321533,9.949280738830566,-3.136282205581665,-3.747335195541382,5.091040134429932,-2.665512800216675,-1.9403371810913086,91.08708953857422,79.3355712890625,35.256263732910156,45.76255416870117,32.68056869506836,28.15194320678711,24.295955657958984,16.8315372467041,14.927265167236328,16.969449996948242,12.761550903320312,9.113900184631348,11.678604125976562,8.576323509216309,11.502469062805176,9.870370864868164,8.341890335083008,7.637129306793213,9.227734565734863,8.068697929382324,691.3150798462246,684.673310955804,1028.8359220798634,618.1530184064933,1379.4968063766892,1635.1711456581295,0.010417923503861004,0.011469113784297252,0.0
-334.1368408203125,99.70053100585938,4.931632041931152,26.75467872619629,10.594255447387695,-2.2876105308532715,-14.036965370178223,7.078950881958008,-0.15070493519306183,-7.470179557800293,1.1367520093917847,0.3308868706226349,-2.159912347793579,0.9604209065437317,3.6013247966766357,-1.9576019048690796,3.494614601135254,1.7199461460113525,-3.1210384368896484,0.13988205790519714,146.8122100830078,69.16439056396484,39.99441146850586,28.47738265991211,23.751081466674805,18.303348541259766,26.635568618774414,8.651222229003906,12.150774955749512,16.80527114868164,11.511116027832031,8.202225685119629,11.059103012084961,8.143600463867188,4.834928035736084,8.180469512939453,4.745920658111572,6.132397174835205,8.242755889892578,6.641906261444092,602.5888864287048,617.0944944297928,940.3258869322354,403.21870669632324,1034.19189453125,1232.6171761000332,0.024663628472222223,0.03161469699430229,1.0
-318.13299560546875,112.58424377441406,12.380675315856934,34.58845901489258,11.627493858337402,-2.923906087875366,-24.850231170654297,-2.6021697521209717,-0.9945130348205566,-11.58884048461914,-2.4816620349884033,-0.9748088717460632,-0.9235240817070007,-1.6430588960647583,5.1829609870910645,0.6566936373710632,-3.4011285305023193,5.589293479919434,-0.9259636998176575,-5.738422870635986,105.94104766845703,78.34332275390625,33.38164520263672,42.5465202331543,26.630233764648438,23.392248153686523,28.54077911376953,12.829930305480957,11.675803184509277,17.169429779052734,13.152547836303711,9.839545249938965,9.850624084472656,8.148984909057617,8.986329078674316,8.611316680908203,8.68143367767334,6.769615650177002,6.829965114593506,8.255146026611328,891.275844004633,956.9455129712926,1049.9528438047705,565.0556369623679,1575.1265513746043,1764.652199010068,0.02773313884493671,0.03512141263308113,1.0
-286.489501953125,102.83270263671875,7.022040843963623,15.775354385375977,7.510127067565918,-1.51004958152771,-24.84436798095703,-5.162171840667725,-0.033199649304151535,-10.830236434936523,-0.8665346503257751,-1.3263955116271973,-2.8322324752807617,-1.9461594820022583,5.9747090339660645,-0.253018856048584,-3.7587125301361084,6.078715801239014,-2.709690570831299,-4.100419044494629,111.4731674194336,74.1263198852539,30.415624618530273,31.6009521484375,23.66229820251465,18.819007873535156,27.637454986572266,12.314568519592285,10.80016803741455,14.005351066589355,9.077106475830078,8.149592399597168,10.38779067993164,7.544292449951172,8.580123901367188,7.730711460113525,7.870126724243164,6.540691375732422,7.663720607757568,7.005590438842773,978.5140586442632,948.5700269272785,1164.6012587602393,570.5299976834582,1750.393935381356,1780.5421044835837,0.03795352224576271,0.04539425389152372,1.0
-296.5925598144531,94.00349426269531,0.574513852596283,22.929645538330078,13.07761001586914,-2.0626161098480225,-23.076242446899414,-2.964437484741211,-2.9033727645874023,-14.101273536682129,-0.5614795684814453,-1.3996936082839966,-3.7166531085968018,1.7388546466827393,6.975217342376709,-2.268944501876831,-4.410517692565918,6.473293781280518,-1.6269904375076294,-4.433557033538818,112.76998901367188,80.13540649414062,33.69918441772461,33.796836853027344,27.444290161132812,21.99530601501465,27.1214542388916,11.727604866027832,11.081572532653809,16.461400985717773,11.215597152709961,7.297606468200684,10.378623008728027,7.355679988861084,7.953539848327637,8.325443267822266,7.718357563018799,6.993062973022461,7.574231147766113,7.277662754058838,1145.5261321678834,1094.0486601039079,1229.477403673563,511.32891144265403,2011.6152719350962,1747.247433961064,0.044057992788461536,0.06238026633630442,1.0
-308.61834716796875,112.8968276977539,3.335968494415283,27.93091583251953,2.4968090057373047,0.7411805391311646,-22.063623428344727,-3.0544960498809814,0.03234148770570755,-11.418378829956055,1.9461029767990112,0.6130061149597168,-1.5947718620300293,-1.20266592502594,3.998802900314331,1.0461833477020264,-1.733032464981079,5.149174213409424,-1.3340389728546143,-1.5353050231933594,120.19599914550781,77.12249755859375,36.97154235839844,41.550559997558594,30.394357681274414,20.029356002807617,25.517765045166016,13.29131031036377,12.27491569519043,15.442405700683594,10.169350624084473,9.908821105957031,9.96970272064209,9.816906929016113,9.093743324279785,8.210965156555176,8.519479751586914,5.839521884918213,8.111958503723145,7.711617469787598,969.6892127671015,969.2886421529721,1105.685172304614,577.482322586315,1750.809909986413,1836.7618752153026,0.02621858016304348,0.02359097815407609,1.0
-309.8832092285156,110.6610336303711,-6.184584140777588,20.366348266601562,1.6448668241500854,-6.65083646774292,-16.242856979370117,3.667382001876831,-3.8202881813049316,-10.464508056640625,7.751995086669922,-1.6669620275497437,-5.869326591491699,3.418445110321045,1.0947712659835815,-1.2628505229949951,4.4352922439575195,0.45280542969703674,-1.4784190654754639,1.5854568481445312,155.53494262695312,76.20108795166016,41.103389739990234,34.58808517456055,22.547134399414062,19.751747131347656,27.224210739135742,13.37849235534668,11.970315933227539,16.320880889892578,14.047607421875,9.083525657653809,14.378466606140137,7.619443416595459,8.738813400268555,9.816837310791016,6.162411689758301,9.114535331726074,8.485115051269531,5.565114498138428,699.9697532717222,456.55325705922127,1053.677313937207,368.8477379065446,1226.7428694100215,1145.907093959019,0.023012358566810345,0.023284812021977963,1.0
-291.5663146972656,81.00457763671875,9.129329681396484,24.474809646606445,-3.576425313949585,-2.661212682723999,-20.2108097076416,-4.181464672088623,-1.0797046422958374,-7.867621898651123,-1.4395701885223389,-3.9990339279174805,-4.763444423675537,-1.5353703498840332,6.402113914489746,1.2451319694519043,-0.24214792251586914,3.383697748184204,-3.8508405685424805,-3.4849674701690674,110.27081298828125,73.3900146484375,32.35417175292969,30.769149780273438,22.452959060668945,24.688432693481445,23.852882385253906,12.125572204589844,10.60152530670166,13.631733894348145,10.304500579833984,7.887583255767822,9.003560066223145,6.7620368003845215,6.374401092529297,7.531806468963623,7.181406021118164,6.415219783782959,8.062620162963867,7.349902153015137,1149.2698816040772,1221.7452862302341,1220.3915949707398,501.76888958467345,1880.06396484375,1928.1243671193004,0.05725911458333333,0.09879766974195786,1.0
-337.5617370605469,124.1053237915039,14.117045402526855,31.89404296875,13.376808166503906,3.031928062438965,-26.38138771057129,-4.621460437774658,0.12288849800825119,-10.511000633239746,2.9128289222717285,-3.4862654209136963,-6.525834560394287,-0.4329712986946106,5.211789131164551,-3.2498884201049805,-6.697714805603027,1.8505810499191284,-3.312492609024048,-3.66538667678833,122.49526977539062,70.0790023803711,39.74198532104492,30.219417572021484,32.3680305480957,20.59288787841797,27.026641845703125,15.942643165588379,10.755130767822266,15.183235168457031,11.452335357666016,8.884028434753418,12.078307151794434,8.21419906616211,8.531645774841309,9.433759689331055,8.694246292114258,8.11025619506836,8.646777153015137,7.170105457305908,944.6616978159827,926.8748872078445,1151.256850316968,525.5178078893512,1673.9590348868535,1671.3489887739736,0.031679350754310345,0.04106200930224641,1.0
-299.5715637207031,123.02531433105469,3.201629400253296,28.825586318969727,2.048204183578491,-4.6887125968933105,-29.08997917175293,-4.552424430847168,-2.2073330879211426,-14.418805122375488,1.4726165533065796,-3.587355375289917,-3.3738198280334473,-1.9285188913345337,5.5027971267700195,-0.06544686108827591,-5.928853988647461,4.294588088989258,-3.7636406421661377,-6.191023349761963,123.77281951904297,72.86622619628906,42.428466796875,34.650569915771484,30.097820281982422,24.13035011291504,26.279281616210938,13.277914047241211,12.39705753326416,18.16681480407715,10.942814826965332,10.810498237609863,11.001714706420898,10.173562049865723,7.832401752471924,9.370336532592773,7.82343864440918,7.307234764099121,8.68940544128418,7.358656406402588,1008.1288525022303,899.288603876781,1120.8354049326708,486.07527664030556,1733.6933691896984,1614.2269913107737,0.04432072471733668,0.051365676168535136,1.0
-332.43084716796875,117.61639404296875,15.028152465820312,30.002151489257812,26.758180618286133,-1.340688943862915,-24.875133514404297,-3.365062713623047,1.6204832792282104,-9.853805541992188,0.06554576754570007,-0.9683530926704407,-5.363827705383301,2.6187760829925537,10.804793357849121,-1.8703540563583374,-4.6120781898498535,4.746581554412842,-2.446141242980957,-1.6917669773101807,102.58201599121094,63.4597053527832,30.390941619873047,27.762739181518555,21.044940948486328,20.602760314941406,30.968610763549805,13.208799362182617,9.4099760055542,16.466827392578125,14.413087844848633,9.70279598236084,10.835721015930176,7.486920356750488,8.349295616149902,7.865166664123535,8.753435134887695,6.1470489501953125,7.0089921951293945,6.77501916885376,581.0951632078231,347.9396889197853,977.2552221582638,393.8768183067561,1162.79296875,1047.1301281997457,0.016571841032608697,0.014929550000714614,1.0
-316.34735107421875,119.34480285644531,8.727763175964355,28.462785720825195,4.780721187591553,0.0010444268118590117,-23.745859146118164,-3.7214090824127197,-0.182119682431221,-12.23874568939209,2.0607168674468994,1.118634581565857,-3.1332619190216064,2.2859129905700684,9.968979835510254,-1.966907024383545,-4.823908805847168,5.124767303466797,-3.4562082290649414,-3.945183277130127,115.0965347290039,77.35340881347656,35.608428955078125,33.373477935791016,24.130661010742188,23.066373825073242,26.95180892944336,13.816466331481934,12.140931129455566,19.029308319091797,10.932636260986328,8.329792976379395,10.981420516967773,8.032454490661621,10.204354286193848,9.833866119384766,8.038772583007812,7.423600673675537,6.927020072937012,7.041794776916504,939.8267542559371,964.0195009423172,1091.605430318069,583.0654206645225,1680.2674620301573,1806.792400088123,0.028415920017482516,0.03522230976956127,1.0
-296.4061584472656,117.11417388916016,10.318666458129883,21.669052124023438,5.678792476654053,-2.6989364624023438,-22.319351196289062,-1.8587924242019653,1.8596128225326538,-14.035083770751953,-1.7746623754501343,0.2799113094806671,-3.885685682296753,-2.970533609390259,7.463620185852051,-0.2905937433242798,-6.896195888519287,5.472776412963867,-1.8858963251113892,-4.640595436096191,105.91867065429688,75.62940979003906,31.993953704833984,33.70964813232422,28.319355010986328,24.82794189453125,23.88896369934082,15.399038314819336,11.158994674682617,17.92552947998047,13.532536506652832,9.727644920349121,9.63261604309082,7.814390659332275,9.024996757507324,8.993034362792969,9.077383041381836,6.972825527191162,7.010991096496582,6.91044807434082,881.1157152918357,820.5329853744591,1084.085791668329,530.6121235931606,1530.0300220451732,1635.55631834254,0.024360883353960396,0.020149686069724282,1.0
-304.0158996582031,113.59420776367188,-4.601147651672363,30.389938354492188,12.211793899536133,-2.2384278774261475,-27.57221794128418,-1.9662208557128906,-0.7876806259155273,-14.30579948425293,-2.4098432064056396,-4.759164810180664,-1.5167341232299805,0.7906500697135925,4.5232720375061035,-0.4128909111022949,-6.562521457672119,3.893070697784424,-3.3190693855285645,-7.047605037689209,121.05504608154297,78.36762237548828,36.9320182800293,36.395931243896484,28.85301399230957,23.007375717163086,28.36609649658203,14.484214782714844,11.687762260437012,18.032121658325195,10.899476051330566,9.423514366149902,9.209943771362305,8.381806373596191,8.074788093566895,10.42806625366211,9.038387298583984,6.512940883636475,8.23448657989502,7.9600653648376465,1111.241871810817,967.5795131883863,1203.216028669684,481.47561881351413,2063.1211440450643,1670.445681392133,0.04817428916309013,0.06485938243390144,1.0
-295.61199951171875,110.66144561767578,7.620031833648682,26.43256187438965,20.571598052978516,-4.257992267608643,-26.619089126586914,-3.8602817058563232,-4.059707164764404,-17.133289337158203,-4.45963716506958,-5.138818740844727,-4.122246742248535,0.8523058891296387,3.9549145698547363,-1.3233665227890015,-4.36346960067749,3.317678213119507,-4.819954872131348,-6.5714240074157715,100.50460815429688,63.67019271850586,32.47352981567383,32.966251373291016,23.521686553955078,22.62545394897461,27.885791778564453,13.766152381896973,9.888202667236328,17.307231903076172,12.736371994018555,10.42419719696045,8.62167739868164,7.264413356781006,7.914878845214844,8.501587867736816,8.495736122131348,6.275443077087402,8.036238670349121,7.853312015533447,893.4783783034503,674.3259576933444,1147.3291441595027,497.1560163805709,1766.7383733785377,1442.5934912403293,0.03370752874410377,0.03826188590114628,1.0
-378.1883239746094,116.33113861083984,27.158124923706055,42.94871520996094,19.233518600463867,-3.1746764183044434,-19.24818992614746,-1.8134684562683105,-1.385581612586975,-14.80005168914795,-0.9717938303947449,-0.2624973654747009,-4.387675762176514,3.2619423866271973,5.738045692443848,-3.1405301094055176,-0.3151075839996338,3.6583924293518066,-2.422866106033325,-1.8779784440994263,84.68616485595703,69.85424041748047,34.70835876464844,38.734031677246094,23.86939239501953,23.32267189025879,23.628572463989258,12.12985610961914,13.408295631408691,18.77349853515625,13.680277824401855,9.928705215454102,10.785191535949707,10.230100631713867,10.553213119506836,10.063569068908691,7.29554557800293,7.712863445281982,7.100417613983154,7.205996990203857,692.0750986076973,800.1218382544691,927.6677333893599,519.0568854192901,1154.374402634641,1531.7846344036461,0.016632729388297872,0.014627785008850034,1.0
-388.2035827636719,151.4553985595703,9.055009841918945,22.65675163269043,19.971895217895508,-3.1899588108062744,-20.701879501342773,3.036146640777588,0.7850889563560486,-13.72494125366211,5.132931709289551,-0.38952121138572693,-7.368439197540283,6.390610694885254,4.744745254516602,-6.052586078643799,-1.3558313846588135,0.8903651237487793,-3.734799385070801,-2.3078927993774414,109.97490692138672,69.72411346435547,41.47816467285156,34.18899917602539,27.5987606048584,22.62936019897461,21.840927124023438,12.907312393188477,11.847562789916992,18.782352447509766,13.10576057434082,8.78165054321289,11.474288940429688,6.355204105377197,10.31066608428955,9.818769454956055,6.609005451202393,7.76413631439209,7.243634223937988,6.305260181427002,610.6774535600877,497.85555455707004,912.6908310217862,472.4712090858942,1148.267612795858,1278.7480666594577,0.017289201183431954,0.016524172685573112,1.0
-390.06982421875,110.08322143554688,21.628076553344727,27.90808868408203,23.06023597717285,-4.63285493850708,-13.97362232208252,7.223689556121826,0.29224392771720886,-10.748515129089355,2.6444547176361084,2.013977289199829,-1.9060264825820923,3.67781662940979,3.5608582496643066,-2.274862289428711,1.9333738088607788,2.652411937713623,-2.402362823486328,0.24575063586235046,111.90013885498047,71.63089752197266,32.68975830078125,32.24571990966797,23.796974182128906,20.954875946044922,24.88652229309082,7.894801616668701,10.341411590576172,18.393726348876953,12.353873252868652,7.254525661468506,10.608915328979492,7.0496087074279785,5.869375228881836,9.30168342590332,5.902196407318115,5.633396148681641,7.467976093292236,6.871219158172607,454.6945722546504,400.9278963421676,844.0112028026258,357.5514606291207,772.1342198988971,1010.2390707442909,0.014308555453431373,0.01721844520157712,1.0
-398.7919921875,108.42353057861328,28.004045486450195,47.68318176269531,23.90828514099121,0.27386078238487244,-22.033601760864258,0.5266356468200684,4.075328826904297,-15.418264389038086,-2.6823372840881348,0.22454704344272614,-3.0889155864715576,5.488867282867432,8.810185432434082,-2.3903722763061523,1.3867520093917847,4.91450834274292,-3.545156240463257,-0.7408408522605896,84.2620849609375,58.83403396606445,29.472063064575195,33.08229064941406,26.35652732849121,21.538955688476562,24.57364273071289,11.496085166931152,9.443552017211914,18.62562370300293,10.412369728088379,9.698180198669434,11.537508964538574,8.077744483947754,8.070748329162598,10.994535446166992,8.771187782287598,7.549164772033691,8.517504692077637,6.454186916351318,654.8042375240392,594.0542819987159,1064.2596353893957,570.010804333171,1267.7815755208333,1622.3338134569751,0.011049623842592593,0.011462005097068368,1.0
-379.7996520996094,135.6341552734375,26.461809158325195,20.048446655273438,6.5974884033203125,-4.3463358879089355,-14.589938163757324,0.8929402232170105,0.7319515347480774,-12.171056747436523,1.1400679349899292,4.245981693267822,-3.3001084327697754,2.7676022052764893,10.091946601867676,0.05355732515454292,-2.1295390129089355,3.700854778289795,-1.422293782234192,-4.054574012756348,91.98367309570312,72.3853530883789,36.553836822509766,30.059354782104492,24.60362434387207,19.857812881469727,20.491470336914062,12.150787353515625,13.699708938598633,16.708696365356445,11.003656387329102,11.327404975891113,12.321717262268066,8.400090217590332,9.146282196044922,9.180912017822266,9.03765869140625,6.956770420074463,7.226346969604492,8.808460235595703,607.7736670738916,678.6530929470929,855.6704316417512,473.0394958092662,1011.3374169193097,1295.3204568565773,0.017188228777985076,0.01927640811616818,1.0
-412.548828125,122.00489044189453,28.412769317626953,40.67483901977539,16.976001739501953,-3.5624594688415527,-21.839597702026367,4.543569564819336,7.839236736297607,-12.946951866149902,-1.8474799394607544,2.32570481300354,-2.571812152862549,4.667850971221924,8.571441650390625,-1.6997487545013428,-0.11096785962581635,3.414754629135132,-0.29459235072135925,-2.0055062770843506,100.70771789550781,75.00232696533203,34.09485626220703,31.827423095703125,28.88546371459961,29.341981887817383,27.197879791259766,13.330511093139648,10.86434555053711,16.93131446838379,10.725534439086914,8.046052932739258,10.337474822998047,10.153029441833496,11.721451759338379,12.266237258911133,7.923632621765137,7.510390758514404,8.855375289916992,6.551440238952637,686.4591625908985,788.8892863641911,989.0449395111885,610.8132292832183,1335.8867938701924,1680.6238474765455,0.011087057473776224,0.01342884650112711,1.0
-396.2142639160156,98.17491912841797,26.64331817626953,33.91072082519531,13.340332984924316,8.919695854187012,-9.246966361999512,-0.668851912021637,4.056638717651367,-8.835549354553223,-0.37710052728652954,0.3847014904022217,-0.2833673059940338,3.830345630645752,5.154595375061035,-3.887791156768799,-1.0346941947937012,5.053929328918457,-1.1325217485427856,0.9791468977928162,91.12635803222656,77.97557067871094,27.51007080078125,37.26618957519531,25.29867935180664,17.41393280029297,20.32149314880371,13.713502883911133,10.857418060302734,15.463570594787598,15.34936809539795,10.021134376525879,8.452037811279297,5.6268205642700195,9.234917640686035,9.152503967285156,6.079473972320557,8.323908805847168,7.0604329109191895,6.676820278167725,717.5918199897845,831.806653350574,1045.789859847476,648.4575789471147,1353.6470853365386,1827.787530225434,0.011009281517094018,0.013021067413025101,1.0
-396.5037536621094,134.46835327148438,22.93045425415039,27.449005126953125,22.15877914428711,-4.0260210037231445,-16.06819725036621,2.9516215324401855,3.602607250213623,-9.298768043518066,1.5110470056533813,0.5004566311836243,-6.630405902862549,4.424418926239014,8.022615432739258,-5.31630802154541,-3.6124205589294434,3.0867104530334473,-1.812188744544983,-1.04977285861969,105.24330139160156,68.16168212890625,32.57749557495117,35.201045989990234,21.819272994995117,19.638486862182617,24.26784896850586,11.323685646057129,9.62842082977295,19.179725646972656,13.094707489013672,9.942120552062988,10.136200904846191,8.760001182556152,9.510394096374512,11.491178512573242,9.131050109863281,6.104179859161377,7.871067523956299,8.041094779968262,454.7360244516832,322.8142119895112,806.9138866980803,324.4051998203014,736.6622121710526,883.8449483894755,0.014974814967105263,0.015511354874559806,1.0
-359.1962585449219,114.6768569946289,19.176860809326172,31.836669921875,22.1245174407959,0.06023811176419258,-21.266557693481445,0.43244126439094543,2.295596122741699,-9.63989543914795,1.902805209159851,-1.3795831203460693,-5.185775279998779,3.308520555496216,3.986677885055542,-6.213022232055664,-1.9578474760055542,3.2145605087280273,-3.8506994247436523,-3.291517734527588,98.80245208740234,72.88775634765625,35.78044891357422,40.125423431396484,23.18067169189453,22.222370147705078,22.795381546020508,14.332989692687988,9.7037992477417,13.367183685302734,9.210832595825195,9.281914710998535,10.608048439025879,8.087185859680176,8.75351619720459,9.997512817382812,7.667047500610352,8.673440933227539,7.642365455627441,8.236784934997559,754.9515863827925,840.4250559296166,1006.0581027329625,585.5569794810878,1390.0220947265625,1710.443806975933,0.01764892578125,0.015922790733111248,1.0
-371.0435791015625,127.0575180053711,18.91888999938965,27.3354549407959,20.80215072631836,-2.8441526889801025,-22.48643684387207,0.7419413328170776,1.0935909748077393,-13.70866584777832,0.4616953134536743,1.0321227312088013,-1.429810643196106,3.5073752403259277,5.29233980178833,-4.25990629196167,-2.1508004665374756,3.642089605331421,-4.540299415588379,-1.8799500465393066,100.2977523803711,73.7596206665039,33.76043701171875,35.483455657958984,22.987197875976562,20.751121520996094,24.05315399169922,12.192158699035645,13.156148910522461,16.883771896362305,13.43050765991211,8.547343254089355,9.51024055480957,8.951951026916504,8.612897872924805,10.491877555847168,8.60091495513916,6.999271392822266,7.988728046417236,7.786497116088867,611.8942241068345,571.4698609720676,915.6648246224222,490.7531935249922,1115.1123046875,1318.3451293175647,0.017035036670918366,0.01605457491734573,1.0
-400.38037109375,130.70205688476562,24.163497924804688,37.44132614135742,21.943262100219727,0.789058268070221,-22.789592742919922,0.5058990120887756,2.4932124614715576,-12.528983116149902,2.843899965286255,0.40588513016700745,-2.7452361583709717,5.9200005531311035,8.069231033325195,-5.889340877532959,-2.13704776763916,6.359810829162598,-3.3733885288238525,-2.6021580696105957,104.82594299316406,60.354454040527344,33.783782958984375,34.42692565917969,30.66066551208496,19.06890869140625,25.75792121887207,12.503917694091797,11.825108528137207,18.078460693359375,12.061347007751465,9.231666564941406,10.498806953430176,7.518819332122803,9.95040512084961,10.212249755859375,8.06234073638916,8.430045127868652,7.767928123474121,7.855084419250488,555.4304971760399,409.4536900489671,979.9753131625362,472.7874326329477,1096.8650124289773,1257.8651499412038,0.01297750101461039,0.014321139573547637,1.0
-366.1657409667969,115.48255157470703,19.852718353271484,27.689058303833008,11.60561752319336,1.8978991508483887,-20.00956153869629,-4.417081832885742,0.36794230341911316,-9.959495544433594,1.6394823789596558,-0.29199886322021484,-0.6735512614250183,1.5896193981170654,7.752503395080566,0.6412225365638733,-2.793126344680786,3.5582306385040283,-0.9523956179618835,-0.26665616035461426,104.52007293701172,80.50614929199219,30.471965789794922,35.59439468383789,24.31570816040039,22.67287826538086,25.271711349487305,13.184576034545898,16.83530044555664,15.01555061340332,9.454025268554688,8.008212089538574,8.889817237854004,8.05526065826416,9.904631614685059,7.736502170562744,7.533575534820557,7.586651802062988,6.5105509757995605,6.370404243469238,732.3813845852734,790.3478114998269,999.3538487333713,590.9780012513789,1336.1954398777175,1681.4880596664643,0.014066139363354038,0.014969283568291376,1.0
-367.34393310546875,127.78630065917969,24.54560661315918,27.074567794799805,15.386253356933594,-3.5142459869384766,-19.89682960510254,-0.5767161846160889,1.9289809465408325,-10.789754867553711,0.18278509378433228,2.045274019241333,-2.360344648361206,0.5050262808799744,6.470912456512451,-2.8516600131988525,-5.350564002990723,3.4313676357269287,-1.7873672246932983,-2.570035696029663,87.05735778808594,71.14397430419922,35.638587951660156,37.96420669555664,23.254159927368164,23.64272689819336,22.68733787536621,13.0411958694458,13.87732982635498,17.333105087280273,12.561861038208008,9.966978073120117,9.144474029541016,9.035780906677246,9.395527839660645,8.839814186096191,9.41325569152832,8.210630416870117,7.851465225219727,8.503878593444824,666.356070085621,728.8765096843501,902.3412070041142,489.97550511064617,1190.041775173611,1416.3349353859312,0.01844216177983539,0.019858626004193535,1.0
-363.172119140625,129.26568603515625,16.11331558227539,25.743284225463867,14.528678894042969,2.7918243408203125,-19.017108917236328,-0.978092610836029,-1.7672722339630127,-16.805227279663086,0.03253896161913872,0.6445026993751526,-0.767292320728302,1.2590616941452026,6.976083278656006,0.056949786841869354,-4.291511058807373,4.6620941162109375,-3.5790770053863525,-3.457735538482666,94.03079223632812,70.061279296875,32.057254791259766,38.00782012939453,27.457868576049805,18.786771774291992,23.908245086669922,14.697759628295898,12.613758087158203,17.24919319152832,11.71715259552002,10.732762336730957,11.509543418884277,7.7341179847717285,10.118066787719727,8.535719871520996,8.251997947692871,7.942646026611328,7.915242671966553,7.351719856262207,693.1751565736574,628.6014848815199,991.946848566265,512.1159612890187,1283.5546875,1410.1199279165066,0.016733099489795917,0.015220424759553703,1.0
-354.1191101074219,121.93962860107422,28.621925354003906,36.41738510131836,20.59375,0.33728155493736267,-23.980422973632812,-2.7580044269561768,-0.002497492590919137,-14.483049392700195,-0.6650070548057556,-1.9478259086608887,-3.0954678058624268,5.296337604522705,4.013815402984619,-8.25246810913086,-1.8219860792160034,4.51941442489624,-4.418659687042236,-1.8704513311386108,81.82259368896484,66.32218933105469,33.15166091918945,41.1603889465332,28.880104064941406,26.112545013427734,22.12582778930664,14.573497772216797,13.363984107971191,17.19161605834961,12.408208847045898,9.992551803588867,10.241137504577637,7.557843208312988,11.109651565551758,10.948996543884277,8.927103042602539,8.944480895996094,7.428780555725098,7.242885112762451,746.3847877369757,747.4952072012198,1014.5317829001024,595.3835250641464,1378.5822687922298,1647.9582187083038,0.020281581805019305,0.015675419985410863,1.0
-312.5153503417969,95.16950988769531,18.899065017700195,29.937755584716797,8.323369026184082,-3.243471384048462,-21.404953002929688,-2.9438915252685547,-1.7152597904205322,-17.531551361083984,-6.022701740264893,0.2150428742170334,-5.988283634185791,-0.9952980279922485,6.790216445922852,-5.546938896179199,0.19993102550506592,6.01871919631958,-0.4958926737308502,-2.879643678665161,84.70392608642578,62.23958969116211,22.685741424560547,34.105201721191406,21.6652889251709,20.878917694091797,23.72590446472168,12.38233757019043,11.927458763122559,19.341524124145508,12.714567184448242,9.266449928283691,10.608552932739258,7.719432353973389,8.747223854064941,11.257284164428711,6.836495876312256,7.413750648498535,7.580090045928955,6.584935665130615,770.5392386546384,784.581422159827,1060.0373920765953,509.96987843130853,1292.29335118007,1510.2109823118212,0.021733637456293708,0.01794421035420471,1.0
-342.8946228027344,108.3898696899414,13.759716987609863,23.065488815307617,7.742907524108887,5.108197212219238,-25.508399963378906,-5.470368385314941,-1.4623481035232544,-16.63777732849121,-1.3967329263687134,4.078566551208496,-5.987156867980957,-1.7536979913711548,9.358990669250488,-8.30821704864502,-2.4760708808898926,5.064813613891602,-1.70659339427948,-0.03349485993385315,107.94779968261719,56.88339614868164,25.779170989990234,23.527145385742188,24.25446128845215,14.49262523651123,27.20663070678711,11.814777374267578,10.731767654418945,17.270410537719727,13.43826675415039,9.368115425109863,12.759932518005371,8.729360580444336,10.768611907958984,11.049020767211914,7.570407867431641,7.389134883880615,6.545976161956787,6.407876491546631,688.25232627448,640.904239851199,1048.8029535843145,471.4385839928674,1100.0244140625,1392.1795623244752,0.02126514668367347,0.019264711760860975,1.0
-364.3584289550781,85.91624450683594,14.856978416442871,25.071067810058594,9.540303230285645,2.669123888015747,-16.974637985229492,2.395900249481201,3.1658213138580322,-10.728472709655762,0.09877794235944748,2.989819049835205,-3.779684066772461,0.35046976804733276,7.16847038269043,-7.519440174102783,-1.3236995935440063,4.981844902038574,-1.5769795179367065,-0.19900786876678467,111.09833526611328,55.278053283691406,23.70957374572754,24.94833755493164,24.995927810668945,14.436910629272461,27.744741439819336,8.979641914367676,11.866929054260254,18.299293518066406,11.481057167053223,8.556361198425293,12.096855163574219,7.570120334625244,7.042192459106445,14.6909761428833,8.340882301330566,5.7186198234558105,9.346687316894531,7.90176248550415,546.174520906109,524.9053874556237,978.0035817433552,427.22773185424035,943.4370561079545,1196.808168985078,0.016917219065656564,0.01862972654995618,1.0
-322.89739990234375,92.52454376220703,17.265539169311523,30.001312255859375,-2.79266357421875,9.45115852355957,-25.50150489807129,-5.051483154296875,-2.382336139678955,-19.04652976989746,2.2785708904266357,-0.913270890712738,-12.827946662902832,0.4822850227355957,12.450944900512695,-8.965312004089355,-4.060977935791016,3.2808916568756104,-4.106810569763184,-0.8922972083091736,95.94866943359375,67.30559539794922,26.083768844604492,27.599212646484375,22.24466323852539,21.849210739135742,25.334932327270508,13.29830265045166,14.141280174255371,20.587417602539062,12.753204345703125,8.82149600982666,16.185548782348633,7.860944747924805,9.929319381713867,11.70254135131836,8.036699295043945,6.978711128234863,8.981135368347168,7.188504695892334,1065.0133619828084,1084.6265205404968,1266.3519193721725,661.0958857430062,1845.7735716841603,2024.8585071465827,0.02498807251908397,0.023951477023877815,1.0
-308.53790283203125,102.74833679199219,13.178044319152832,30.07050132751465,0.3144737482070923,1.884149432182312,-28.27299690246582,-5.721887111663818,-4.513191223144531,-20.754863739013672,-3.161388874053955,-1.9467092752456665,-6.5622100830078125,-0.8858547806739807,12.102547645568848,-10.79110336303711,-8.20271110534668,7.13553524017334,-6.769167423248291,-2.2916862964630127,97.02812957763672,52.51476287841797,23.980072021484375,29.2154541015625,26.24273681640625,14.658380508422852,25.285017013549805,11.232728958129883,10.640857696533203,19.204036712646484,12.345525741577148,10.533066749572754,12.190778732299805,8.522320747375488,9.064678192138672,13.582961082458496,11.193146705627441,7.017857074737549,11.546806335449219,7.48687744140625,818.6211645071961,669.612409978523,1163.7721923903205,525.1868338076239,1535.9087876870599,1576.2133186687054,0.02252627090669014,0.017833706262446403,1.0
-343.3197326660156,80.58695220947266,15.698325157165527,25.476343154907227,3.789130449295044,9.109028816223145,-18.39209747314453,-0.614613950252533,4.941676616668701,-7.060160160064697,2.0410242080688477,1.8779770135879517,-0.7543383240699768,2.161062717437744,8.908700942993164,-4.139410495758057,-1.977394461631775,4.0525407791137695,-2.9036827087402344,0.16876406967639923,99.81808471679688,76.873291015625,21.7055606842041,37.85601806640625,19.866376876831055,15.363202095031738,24.496280670166016,12.31440544128418,9.7166748046875,14.489624977111816,10.166531562805176,7.945366859436035,10.980757713317871,6.477021217346191,7.662044525146484,10.70254898071289,9.145959854125977,7.930780410766602,8.995511054992676,6.283936500549316,945.0200491849082,1044.408293703734,1221.645804533684,640.4971594290021,1687.6021984011627,1986.8944455654446,0.01385734617248062,0.014858419303374698,1.0
-355.9923400878906,101.26853942871094,18.03302764892578,35.20957565307617,6.966279029846191,4.286412715911865,-26.237106323242188,-0.008688902482390404,4.168704986572266,-9.794469833374023,1.7283148765563965,1.5213946104049683,-3.0763323307037354,1.5649805068969727,9.855705261230469,-8.375004768371582,-2.685354709625244,6.770161151885986,-4.455540657043457,0.7225572466850281,112.52099609375,71.07913208007812,26.979032516479492,29.830211639404297,20.754547119140625,19.731298446655273,28.032154083251953,12.474048614501953,11.626354217529297,19.31510353088379,10.169574737548828,7.716566562652588,11.857955932617188,8.584063529968262,9.224068641662598,13.212751388549805,8.932976722717285,8.282513618469238,11.01071548461914,5.949330806732178,822.8670686221727,960.795698007199,1122.4859455918638,563.7900073529172,1374.1910494290864,1780.0657770409757,0.016995943509615384,0.016550493856386912,1.0
-338.1607971191406,97.67813873291016,20.935745239257812,42.585018157958984,-1.1275140047073364,12.177448272705078,-25.790761947631836,-3.2574350833892822,0.7996038794517517,-12.634698867797852,-1.946103572845459,-0.37588441371917725,-5.2515034675598145,-2.3563344478607178,13.145874977111816,-5.565008640289307,-7.5896782875061035,5.76368522644043,-1.8755218982696533,-1.8441104888916016,101.01383972167969,66.60598754882812,28.91289710998535,34.584716796875,24.5385799407959,22.673124313354492,22.872995376586914,11.554637908935547,10.821510314941406,16.548980712890625,12.72540283203125,10.07922077178955,11.842470169067383,9.38109016418457,9.351426124572754,10.441414833068848,8.22939395904541,8.16026496887207,9.412543296813965,6.786915302276611,1134.3298913797312,1066.2489993147876,1380.2595452517432,712.9501335221435,2138.540125739645,2197.465349254554,0.02092675203402367,0.020810008207331074,1.0
-335.5709228515625,106.67918395996094,17.081995010375977,29.32125473022461,3.178058385848999,10.674642562866211,-24.7851505279541,-5.03601598739624,-0.9822865724563599,-12.840063095092773,1.0054235458374023,1.4564694166183472,-4.258714199066162,-1.3544527292251587,12.470605850219727,-7.921600341796875,-6.672544956207275,4.507699966430664,-5.6734442710876465,0.01547332014888525,104.17140197753906,63.482688903808594,29.34718894958496,32.62422561645508,20.58357048034668,12.982657432556152,25.86602210998535,13.462141990661621,11.753881454467773,18.14211654663086,12.276752471923828,11.158587455749512,10.660726547241211,8.667387008666992,11.222613334655762,8.813138008117676,9.647927284240723,6.916916847229004,8.81640338897705,6.838929653167725,861.2736965748273,740.6722996997638,1239.5002944402033,608.8572804133601,1639.984130859375,1818.5092377393773,0.01650274367559524,0.015838576579564424,1.0
-298.3123779296875,103.25869750976562,15.879935264587402,25.15306282043457,14.14055347442627,-1.7971711158752441,-24.960735321044922,-1.1307339668273926,-5.943971157073975,-19.313810348510742,-2.710131883621216,0.09238576889038086,-3.4136297702789307,-0.2125774770975113,7.097898483276367,-5.817689895629883,0.5565062761306763,5.77800178527832,-5.059112548828125,1.1180121898651123,98.78243255615234,55.43377685546875,22.63037109375,25.858179092407227,17.64220428466797,14.889361381530762,28.84444236755371,11.07247543334961,14.52898120880127,19.65611457824707,12.340846061706543,9.322996139526367,10.670943260192871,7.281618118286133,8.280258178710938,11.481250762939453,7.619811534881592,6.5786566734313965,9.675339698791504,6.294918060302734,561.4206154558458,277.61974251840525,966.0889866240393,279.9568233190186,871.4450178475215,715.1393877363491,0.021880051185344827,0.017059137886092385,1.0
-343.896728515625,111.63709259033203,6.179051876068115,25.661989212036133,6.362745761871338,7.229089260101318,-25.37544822692871,-0.9209159016609192,1.971051573753357,-11.131906509399414,4.400584697723389,2.5177769660949707,-4.043023586273193,1.091955542564392,13.100878715515137,-4.259642124176025,-3.796875,7.1875901222229,-2.68152117729187,-1.2530896663665771,114.59999084472656,73.08547973632812,36.266292572021484,35.29882049560547,22.702739715576172,16.102344512939453,27.40570068359375,11.924592971801758,11.767008781433105,17.275182723999023,14.152856826782227,9.3116455078125,13.954041481018066,10.640884399414062,10.006381034851074,10.07129192352295,8.550823211669922,8.185404777526855,9.726776123046875,6.87515115737915,918.4988139054145,945.5911785843674,1119.534989803192,567.6859469789756,1618.1568818933824,1773.9167095643404,0.01931713736631016,0.020384033320088358,1.0
-315.6253356933594,129.1809844970703,3.7552855014801025,31.468080520629883,18.44188117980957,5.906200885772705,-30.531740188598633,-3.1434707641601562,-0.8851854205131531,-12.708932876586914,-1.460939884185791,-6.181604385375977,-3.021153688430786,0.3337427079677582,7.336359977722168,-6.001323223114014,-7.046133518218994,7.3418145179748535,-4.221586227416992,-3.2802581787109375,100.40605926513672,64.57624053955078,32.06282043457031,37.44274139404297,27.361955642700195,18.76384735107422,25.8367919921875,13.764500617980957,11.783882141113281,17.79102897644043,13.991271018981934,9.35132884979248,12.136102676391602,8.276647567749023,8.79692554473877,10.860864639282227,8.433489799499512,6.6800079345703125,9.833560943603516,7.214787483215332,874.1775394822705,791.3012495946183,1124.40427013588,517.0965931506123,1632.7067057291667,1613.6177637319481,0.021321614583333332,0.016189626748021237,1.0
-321.15362548828125,104.43177032470703,11.384934425354004,27.010408401489258,9.360532760620117,3.3851983547210693,-24.418848037719727,1.786372423171997,0.5755549073219299,-14.336487770080566,-0.40696972608566284,-1.3046425580978394,-1.3536218404769897,0.7715365886688232,9.175256729125977,-0.6313395500183105,-2.8146915435791016,7.101060390472412,-2.063519239425659,-0.4435591697692871,116.49163818359375,68.41860961914062,28.13377571105957,24.963871002197266,21.20948600769043,19.33371925354004,29.00075912475586,12.804673194885254,11.580255508422852,20.473468780517578,11.426478385925293,10.448944091796875,8.8318452835083,6.820671081542969,9.808005332946777,8.576388359069824,8.535825729370117,8.483504295349121,7.169866561889648,6.412439346313477,838.0868520813606,901.4940961746491,1142.4197046923412,593.3852725890378,1529.8636463200935,1753.2088192436001,0.019449109228971962,0.018939718713478895,1.0
-308.991455078125,96.51849365234375,10.492646217346191,23.058509826660156,11.957274436950684,2.3478429317474365,-20.721887588500977,1.4319990873336792,1.4150159358978271,-14.877190589904785,-1.1789957284927368,0.8630193471908569,-1.791744589805603,-0.5632212162017822,6.960111618041992,-2.9909932613372803,-3.471304416656494,6.239987850189209,-2.306190252304077,0.3475194573402405,101.75595092773438,68.88839721679688,25.043201446533203,34.15007400512695,20.1630916595459,20.154006958007812,26.5650691986084,11.954648971557617,10.126668930053711,19.83791160583496,12.461523056030273,9.327102661132812,9.382864952087402,7.754910945892334,7.1555938720703125,8.350397109985352,7.722428321838379,8.154104232788086,8.514426231384277,5.876944541931152,776.5021863103578,805.8183013302225,1066.2726202792473,496.0249431674125,1373.0938777745328,1535.4039310276883,0.0215596707067757,0.02135225080020436,1.0
-304.2117004394531,112.77216339111328,16.450170516967773,26.120372772216797,13.492424964904785,2.9367597103118896,-28.909549713134766,-3.8231046199798584,-0.6813344955444336,-17.64098358154297,-4.343746185302734,-4.093331336975098,-4.628479480743408,-0.8603171110153198,8.529474258422852,-3.534661054611206,-5.161186695098877,9.116471290588379,-1.7358524799346924,-1.744110107421875,95.36061096191406,67.61054229736328,29.136940002441406,32.13566970825195,22.971324920654297,19.407451629638672,27.247953414916992,12.896313667297363,10.389198303222656,16.76700782775879,11.932995796203613,9.978553771972656,10.968111038208008,7.759960651397705,8.538459777832031,8.82784366607666,8.75943660736084,9.16555404663086,8.058955192565918,7.134613990783691,804.6735968517561,789.121092148101,1068.4421672783292,588.0530720514415,1511.3010715793919,1684.122927194895,0.02322415188626126,0.02331954594243537,1.0
